last_update;lattes_id;name
2026/03/18 16:03:58.000;;lorenad`oliveiragusmao
2026/04/01 17:53:08.000;;brunochavescorreia-lima
2023/04/03 16:31:48.000;;wiltonvalencadasilvajunior-tomvalenca
2026/04/10 09:02:12.000;;ludmillacarvalhorangel
2026/04/29 16:04:12.000;;marceloo donnellkrause
2025/04/16 05:38:49.000;;angeloaugustophilocreondecastro-lima
2025/03/14 12:20:11.000;;edsono'dwyerjunior
2026/05/08 17:36:31.000;;marlenebarretosantos
2026/05/08 17:36:31.000;;marlenebarretosantos
2025/03/04 16:46:03.000;;gilsonsoaresfeitosa-filho
2026/05/14 20:34:22.000;;julianasilvestresilva
2024/05/18 05:30:06.000;;danielbahianopedral-sampaio
2024/02/08 23:16:38.000;;jorgechaves
2026/01/16 14:40:13.000;;josemauriciosento-sedecarvalho
2026/04/20 17:07:20.000;;lailavasconceloshage
2013/01/08 12:38:12.000;;lucasd'elioncorreialimeira
2026/04/06 15:59:04.000;;angelinapandita-pereira
2023/03/03 18:22:01.000;;cinthiabatistanunes
2026/01/18 20:02:02.000;;jonasbrito
2026/03/12 17:39:06.000;;gilmard'oliveirasilva
2024/08/29 21:00:08.000;;mariaaparecidapereiravitorio
2026/03/21 14:23:17.000;;veronycakezyasantossousa
2026/03/31 09:54:20.000;;kamillanunesfonseca-reis
2026/05/07 15:46:17.000;;analuizabarretodeoliveira
2024/05/22 09:45:50.000;;giselinovaisdasilva
2026/04/24 11:54:24.000;;sagidsallesferreira
2020/08/17 09:17:18.000;;leilaneferreiraribeiro
2026/03/24 15:01:13.000;;marinamellodemenezesfelixdesouzasilva
2026/03/22 21:12:24.000;;cassiodossantos-lima
2022/07/12 17:41:04.000;;lucianaargolocorreiaalves
2025/07/22 20:47:18.000;;mariaconsuelod'almeidanunezfilha
2026/03/27 12:14:46.000;;rebecadesouzavasconcelos
2025/05/01 13:42:37.000;;teilarochalinsd'albuquerque
2026/04/19 11:58:21.000;;telmacristinadamascenosilva-fath
2022/06/04 21:37:41.000;;iraniparolinsant'ana
2025/04/25 18:47:30.000;;alessandrabuonavogliacosta-pinto
2025/02/17 18:54:23.000;;robertnewtonsilvahenriquesmagalhaes
2025/10/17 14:48:40.000;;flaviadasilvavillas-boas
2024/09/17 13:52:30.000;;marcusnicholasesquivelfonseca
2026/03/31 18:57:35.000;;osnildoadaowan-dalljunior
2025/03/11 15:40:56.000;;danielapereiracontelli
2026/04/14 18:47:20.000;;ritadecassiasouzadequeiroz
2020/05/09 15:37:56.000;;mariaisabelnascimentolopes
2024/09/18 21:32:54.000;;edsonkayapo
2026/05/27 00:00:32.000;;leonardorangel
2026/03/01 12:36:33.000;;andreabrito
2018/07/23 23:25:30.000;;angelicasantosreis
2014/07/15 17:53:10.000;;carlosd'alexandriabruni
2026/03/28 20:19:02.000;;cristianoraykil
2014/03/24 15:40:54.000;;elenisebarretobarbosadaanunciacao
2019/09/23 15:33:30.000;;ianalimadealmeidabarros
2026/04/13 11:24:29.000;;lucianasoaresdeandradefreitasoliveira
2025/05/03 13:31:35.000;;marcosgilbertodos-santos
2023/10/24 19:09:42.000;;mariaantonietapereiradealmeidasantiago
2020/09/19 18:50:55.000;;suelidosprazeressantospereira
2026/03/05 15:01:46.000;;valmorehenriquepereiradossantos
2021/02/28 12:54:52.000;;sandiraliviamoraesfonsecadejesus
2026/02/03 13:41:54.000;;ritamariawestenano
2026/05/19 21:27:45.000;;allinedejesuspimentel
2023/04/14 14:10:20.000;;nubiacristinaoliveirasilva
2026/01/29 15:04:44.000;;aldemirinacioazevedo
2026/01/29 15:04:44.000;;aldemirinacioazevedo
2017/03/20 14:04:47.000;;josanaidesant'anaribeiroteixeira
2017/03/20 14:04:47.000;;josanaidesant'anaribeiroteixeira
2023/04/13 20:56:22.000;;chellycostasouza
2023/04/13 20:56:22.000;;chellycostasouza
2023/08/02 18:45:07.000;;ruas
2023/08/02 18:45:07.000;;ruas
2026/03/25 15:47:28.000;;rogeriomonteiro-oliveira
2026/05/14 20:35:33.000;;matheussilvad'alencar
2026/03/17 11:48:22.000;;inescarolinaperez-wilke
2025/12/14 21:28:11.000;;cynaraadrianasento-semagalhaescordeirocelestinoalves
2025/03/17 11:41:03.000;;anacicarneirodesant'ana
2025/06/20 08:06:25.000;;mariasaievicz
2026/01/28 11:36:59.000;;marciafigueredod'souza
2025/08/20 11:24:02.000;;simonereginasilvad'almeida
2026/05/15 16:45:17.000;;janinemarinhodagnonineiva
2024/04/03 14:48:03.000;;wilsond'almeidasantana
2024/09/03 09:55:50.000;;charlesd'almeidasantana
2025/08/08 17:05:39.000;;jadercristinodesouza-silva
2025/12/05 11:17:21.000;;ruyd'oliveiralima
2011/10/23 15:34:43.000;;eduardoluizd andreaespinheira
2025/11/03 15:40:42.000;;jaciaradeoliveirasant annasantos
2026/05/01 20:24:40.000;;marciooliveirad'esquivel
2026/05/18 10:24:36.000;;jamilledasilvalima-payaya
2026/04/18 19:59:07.000;;bethsaidesouza-santos
2026/05/09 07:55:02.000;;marianafagundesdeoliveiralacerda
2026/03/30 22:12:26.000;;washingtondejesussant'annadafrancarocha
2024/04/03 10:51:58.000;;liad'afonsecapedreirademiranda
2025/05/29 21:35:58.000;;thiagod'martinmaia
2016/03/14 14:57:26.000;;luelevilas-boasvesper
2026/01/20 17:26:16.000;;mariad ajudaalombaribeiro
2026/04/26 20:00:18.000;;elenaluciaannamalpezzi-marinho
2025/11/11 07:59:17.000;;claudineidecamargosant'ana
2026/04/23 19:15:37.000;;marialuciadel-grande
2026/03/20 10:38:33.000;;milenemariadasilva-castro
2026/02/20 18:37:00.000;;elienaibitencourtbatista
2026/04/23 23:06:47.000;;anacarolinadel-sartoazevedomaia
2026/05/03 22:47:59.000;;claudineiamatosdearaujogesteira
2026/04/15 19:15:53.000;;patriciaanjosbittencourtbarreto-garcia
2026/05/12 10:49:34.000;;magnoclerydapalma-santos
2026/04/25 10:45:18.000;;carlasalatialmeidaghirello-pires
2023/07/29 11:29:44.000;;adrianomonteirod'almeidamonteiro
2026/05/01 12:54:58.000;;lucianademendonca-galvao
2026/04/27 13:21:53.000;;julianazinapereiraramos
2026/04/07 09:09:43.000;;priscilad'almeidaferreira
2026/02/25 07:34:25.000;;robertad'angelamendunibortoloti
2026/05/12 17:54:11.000;;raquelperez-maluf
2026/03/31 16:44:51.000;;mariadaconceicaofonseca-silva
2026/03/27 16:13:42.000;;cristinamariad'avilateixeira
2026/03/27 16:13:42.000;;cristinamariad'avilateixeira
2026/02/23 20:59:05.000;;rejanemarialira-da-silva
2026/02/23 20:59:05.000;;rejanemarialira-da-silva
2026/01/19 18:56:11.000;;lucianadutra-thome
2026/01/19 18:56:11.000;;lucianadutra-thome
2026/04/15 17:33:10.000;;anaelisabethsimoesbrandao-bethrangel
2026/04/15 17:33:10.000;;anaelisabethsimoesbrandao-bethrangel
2026/05/11 18:28:04.000;;angelamarisadeaquinomiranda-scippa
2026/05/11 18:28:04.000;;angelamarisadeaquinomiranda-scippa
2026/05/11 11:17:33.000;;angelomarciooliveirasant'anna
2026/05/11 11:17:33.000;;angelomarciooliveirasant'anna
2025/02/11 10:12:57.000;;claudionogueirasant`anna
2025/02/11 10:12:57.000;;claudionogueirasant`anna
2026/03/01 17:25:04.000;;edsonfernandesd'oliveirasantosneto
2026/03/01 17:25:04.000;;edsonfernandesd'oliveirasantosneto
2026/04/14 11:40:51.000;;mariasofiavillas-boasguimaraes
2026/04/14 11:40:51.000;;mariasofiavillas-boasguimaraes
2026/01/13 13:05:07.000;;mauriciorequiaodesant'ana
2026/01/13 13:05:07.000;;mauriciorequiaodesant'ana
2026/02/03 17:27:02.000;;monicadeaguiarmac-allisterdasilva
2026/02/03 17:27:02.000;;monicadeaguiarmac-allisterdasilva
2025/05/15 23:21:15.000;;robertosant'annasacramento
2025/05/15 23:21:15.000;;robertosant'annasacramento
2026/05/11 14:30:20.000;;anamarciaduartenunes
2026/05/11 14:30:20.000;;anamarciaduartenunes
2026/04/23 20:06:41.000;;ameliacristinamendesdemagalhaesgusmao
2026/04/23 20:06:41.000;;ameliacristinamendesdemagalhaesgusmao
2026/04/19 15:47:31.000;;sindianysuelencadudamartins
2026/04/10 11:55:23.000;;marinamartins
2025/03/19 10:33:36.000;;sabrinamarasant'anna
2026/04/06 14:26:29.000;;anaelisadel'arcovinhascosta
2026/05/20 23:31:36.000;;joserobertosantossampaio-robertolaplagne
2026/04/13 10:33:11.000;;edmilsonsantossilva
2026/05/20 16:07:56.000;;normasuelyevangelista-barreto
2026/02/19 16:43:36.000;;ben-hurramosferreiragoncalves
2026/02/19 20:17:59.000;;mariahelenamachadopiza-figueiredo
2026/05/11 17:09:45.000;;lorenaferreiradesouza
